HarvestDate,LineNumber,ProductID,AvgHeadweight
2021-07-28,1,9001,48.96467125307289
2021-07-28,2,9001,56.3871462105533
2021-07-28,3,9001,60.42220588341528
2021-07-28,4,9001,43.27151148685326
2021-07-28,5,9001,57.145623444055246
2021-08-04,1,9001,57.53027946078787
2021-08-04,2,9001,52.12630019932676
2021-08-04,3,9001,52.26684072107906
2021-08-04,4,9001,52.17774000453358
2021-08-04,5,9001,50.54981085477948
2021-08-11,1,9001,52.61403650123226
2021-08-11,2,9001,50.00806777570148
2021-08-11,3,9001,51.11873052681005
2021-08-11,4,9001,55.32229408638135
2021-08-11,5,9001,59.79747029485386
2021-08-18,1,9001,54.44857252804613
2021-08-18,2,9001,52.44495247096679
2021-08-18,3,9001,50.44402291685094
2021-08-18,4,9001,50.814141598655304
2021-08-18,5,9001,67.0791758924467
2021-08-25,1,9001,55.67044110076016
2021-08-25,2,9001,52.54657051654529
2021-08-25,3,9001,52.797260638233865
2021-08-25,4,9001,57.29794720502927
2021-08-25,5,9001,51.53139876531262
2021-09-01,1,9001,47.75897544806764
2021-09-01,2,9001,57.87377860450364
2021-09-01,3,9001,49.881721385180604
2021-09-01,4,9001,54.924308498179094
2021-09-01,5,9001,50.32025699415803
2021-09-08,1,9001,60.51148773100132
2021-09-08,2,9001,52.62203460565471
2021-09-08,3,9001,51.45279981243747
2021-09-08,4,9001,52.49370969702619
2021-09-08,5,9001,46.85453265460648
2021-09-15,1,9001,49.16190368952907
2021-09-15,2,9001,44.099801755256635
2021-09-15,3,9001,48.29503403949986
2021-09-15,4,9001,53.528530706181435
2021-09-15,5,9001,52.67051229796945
2021-09-22,1,9001,62.24748132643566
2021-09-22,2,9001,49.65678638162709
2021-09-22,3,9001,50.723176831312465
2021-09-22,4,9001,53.59688499021273
2021-09-22,5,9001,50.02829961852167
2021-09-29,1,9001,50.15742841063975
2021-09-29,2,9001,49.46340903679117
2021-09-29,3,9001,48.7400705718053
2021-09-29,4,9001,52.38085940506322
2021-09-29,5,9001,52.5157502136665
2021-10-06,1,9001,45.96984371599026
2021-10-06,2,9001,52.089620376553334
2021-10-06,3,9001,49.45555187786609
2021-10-06,4,9001,49.92518995253995
2021-10-06,5,9001,54.18845238221591
2021-10-13,1,9001,57.81527909497259
2021-10-13,2,9001,63.2390873640753
2021-10-13,3,9001,51.133232880281525
2021-10-13,4,9001,63.02954814428648
2021-10-13,5,9001,49.21095726152795
2021-10-20,1,9001,58.28294232166404
2021-10-20,2,9001,67.74495535358929
2021-10-20,3,9001,54.826198050980814
2021-10-20,4,9001,51.65183210169021
2021-10-20,5,9001,54.96197622144513
2021-10-27,1,9001,63.88542224071713
2021-10-27,2,9001,49.306961316245456
2021-10-27,3,9001,61.839135897116314
2021-10-27,4,9001,61.647823953911804
2021-10-27,5,9001,56.682363986019084
2021-11-03,1,9001,55.03446419220979
2021-11-03,2,9001,52.72265630919286
2021-11-03,3,9001,53.167380335630334
2021-11-03,4,9001,58.24143283751574
2021-11-03,5,9001,65.35135430665471
2021-11-10,1,9001,54.23300793766515
2021-11-10,2,9001,48.04649526649254
2021-11-10,3,9001,51.38209111444923
2021-11-10,4,9001,56.29130881083927
2021-11-10,5,9001,53.414704425194
2021-11-17,1,9001,54.11105021167853
2021-11-17,2,9001,54.1500296157273
2021-11-17,3,9001,48.13849057061653
2021-11-17,4,9001,54.131064147929834
2021-11-17,5,9001,59.25116128560942
2021-11-24,1,9001,58.48804355834127
2021-11-24,2,9001,57.74998675545551
2021-11-24,3,9001,52.98634012276189
2021-11-24,4,9001,54.04203114760762
2021-11-24,5,9001,49.02736060198743
2021-12-01,1,9001,54.73420590628338
2021-12-01,2,9001,56.27598000497917
2021-12-01,3,9001,63.52982003620038
2021-12-01,4,9001,60.007566261817246
2021-12-01,5,9001,52.5220827849927
2021-12-08,1,9001,56.777751484998745
2021-12-08,2,9001,49.32695978233076
2021-12-08,3,9001,59.39101813476146
2021-12-08,4,9001,59.864583766880614
2021-12-08,5,9001,65.60558552687837
2021-12-15,1,9001,57.07261767187493
2021-12-15,2,9001,52.6264076323532
2021-12-15,3,9001,55.329967468522305
2021-12-15,4,9001,52.48761108803067
2021-12-15,5,9001,50.870007064353324
2021-12-22,1,9001,55.83494639876492
2021-12-22,2,9001,50.51867686877621
2021-12-22,3,9001,55.840926938278784
2021-12-22,4,9001,56.774841305074276
2021-12-22,5,9001,54.73947441564433
2021-12-29,1,9001,54.02032690641873
2021-12-29,2,9001,51.754651241971196
2021-12-29,3,9001,49.45116384300634
2021-12-29,4,9001,59.246371013275294
2021-12-29,5,9001,55.11181263038012
2022-01-05,1,9001,59.155703086534174
2022-01-05,2,9001,48.77856074327886
2022-01-05,3,9001,55.84513206883088
2022-01-05,4,9001,58.3658315347384
2022-01-05,5,9001,54.86861811775737
2022-01-12,1,9001,54.04303915721988
2022-01-12,2,9001,51.09046676650062
2022-01-12,3,9001,65.29080993881746
2022-01-12,4,9001,58.75250726577915
2022-01-12,5,9001,64.12104151189145
2022-01-19,1,9001,55.40029820545994
2022-01-19,2,9001,51.84295350516817
2022-01-19,3,9001,47.43355939983137
2022-01-19,4,9001,51.81950084457474
2022-01-19,5,9001,56.1315076624858
2022-01-26,1,9001,60.06845173732874
2022-01-26,2,9001,56.26375067533171
2022-01-26,3,9001,49.140258435794394
2022-01-26,4,9001,58.343571642625164
2022-01-26,5,9001,46.7494953257782
2022-02-02,1,9001,53.170738759040496
2022-02-02,2,9001,53.4194083558346
2022-02-02,3,9001,45.258769763393154
2022-02-02,4,9001,59.60028761195453
2022-02-02,5,9001,51.88564202560563
2022-02-09,1,9001,53.32981675001271
2022-02-09,2,9001,61.975739462648114
2022-02-09,3,9001,58.18337205519475
2022-02-09,4,9001,54.45784151504809
2022-02-09,5,9001,57.56881389202337
2022-02-16,1,9001,56.99635903636979
2022-02-16,2,9001,63.31428223715203
2022-02-16,3,9001,56.37946701792742
2022-02-16,4,9001,57.531363116038435
2022-02-16,5,9001,56.73775987511906
2022-02-23,1,9001,53.11381176251843
2022-02-23,2,9001,55.488097315546185
2022-02-23,3,9001,63.193723225608636
2022-02-23,4,9001,50.62203762905216
2022-02-23,5,9001,55.60879999320523
2022-03-02,1,9001,61.81065330422491
2022-03-02,2,9001,53.826894565386446
2022-03-02,3,9001,49.73308596028457
2022-03-02,4,9001,50.65108197182044
2022-03-02,5,9001,53.04936485176473
2022-03-09,1,9001,50.76324963435214
2022-03-09,2,9001,53.696803039503
2022-03-09,3,9001,52.927901468290536
2022-03-09,4,9001,54.084746011402835
2022-03-09,5,9001,57.035280489402886
2022-03-16,1,9001,58.12316564101073
2022-03-16,2,9001,63.39102871852356
2022-03-16,3,9001,54.65653173217505
2022-03-16,4,9001,53.39580043670911
2022-03-16,5,9001,62.355028585244526
2022-03-23,1,9001,63.52164698913549
2022-03-23,2,9001,55.21622018778765
2022-03-23,3,9001,53.33671340433241
2022-03-23,4,9001,45.88882291218452
2022-03-23,5,9001,62.0563119937339
2022-03-30,1,9001,50.81208782961569
2022-03-30,2,9001,49.38118602802342
2022-03-30,3,9001,70.21882943047643
2022-03-30,4,9001,56.175106541253356
2022-03-30,5,9001,54.83370694943347
2022-04-06,1,9001,41.33890238522098
2022-04-06,2,9001,54.50104705779052
2022-04-06,3,9001,59.880158674611984
2022-04-06,4,9001,57.069344577255485
2022-04-06,5,9001,59.56161080805057
2022-04-13,1,9001,64.91866100342193
2022-04-13,2,9001,60.84554257006813
2022-04-13,3,9001,52.4563149229239
2022-04-13,4,9001,58.52090089232756
2022-04-13,5,9001,54.007918630889606
2022-04-20,1,9001,52.30964605557568
2022-04-20,2,9001,40.72120672490382
2022-04-20,3,9001,51.0517657386812
2022-04-20,4,9001,57.43907317581842
2022-04-20,5,9001,65.84016269759664
2022-04-27,1,9001,57.50347307140393
2022-04-27,2,9001,58.1010510183366
2022-04-27,3,9001,50.17048394933212
2022-04-27,4,9001,55.813273540591325
2022-04-27,5,9001,44.608812290563115
2022-05-04,1,9001,57.42613410284626
2022-05-04,2,9001,58.48384389282457
2022-05-04,3,9001,55.927569577915285
2022-05-04,4,9001,58.503667577722304
2022-05-04,5,9001,56.5584051433068
2022-05-11,1,9001,58.80231180983919
2022-05-11,2,9001,64.2123181310383
2022-05-11,3,9001,60.56181420631298
2022-05-11,4,9001,55.16331978750722
2022-05-11,5,9001,49.42775517601318
2022-05-18,1,9001,57.090289111925415
2022-05-18,2,9001,52.99882381328418
2022-05-18,3,9001,62.467465513087404
2022-05-18,4,9001,46.96459530075142
2022-05-18,5,9001,52.921241057992425
2022-05-25,1,9001,57.1100418660871
2022-05-25,2,9001,54.24131731732511
2022-05-25,3,9001,51.9692444236789
2022-05-25,4,9001,53.47639465516643
2022-05-25,5,9001,58.14768049942236
2022-06-01,1,9001,59.475859901377696
2022-06-01,2,9001,58.30106315910203
2022-06-01,3,9001,66.3674176022374
2022-06-01,4,9001,60.867487863161955
2022-06-01,5,9001,56.438548641568936
2022-06-08,1,9001,51.701149530893474
2022-06-08,2,9001,69.59570065358808
2022-06-08,3,9001,58.38707750219164
2022-06-08,4,9001,51.57839827931996
2022-06-08,5,9001,55.932460415404854
2022-06-15,1,9001,53.37803349758171
2022-06-15,2,9001,53.626478908870965
2022-06-15,3,9001,50.33248329705066
2022-06-15,4,9001,55.58422672493041
2022-06-15,5,9001,56.59580119324058
2022-06-22,1,9001,49.61228938620285
2022-06-22,2,9001,38.83423933538431
2022-06-22,3,9001,53.72562673672733
2022-06-22,4,9001,55.1475891516074
2022-06-22,5,9001,57.97136887055256
2022-06-29,1,9001,55.295675840893985
2022-06-29,2,9001,57.06699447368523
2022-06-29,3,9001,49.5111391271479
2022-06-29,4,9001,58.5558762863522
2022-06-29,5,9001,58.594443649270715
2022-07-06,1,9001,56.25825534514484
2022-07-06,2,9001,61.786372180758875
2022-07-06,3,9001,57.02234235639304
2022-07-06,4,9001,56.32182134918969
2022-07-06,5,9001,56.340219520718485
2022-07-13,1,9001,57.184652885197416
2022-07-13,2,9001,60.30061952743682
2022-07-13,3,9001,57.260951982643576
2022-07-13,4,9001,58.315993078435326
2022-07-13,5,9001,49.318132230045826
2022-07-20,1,9001,53.14751241453941
2022-07-20,2,9001,62.38484794896235
2022-07-20,3,9001,48.88048124743122
2022-07-20,4,9001,56.290341936980525
2022-07-20,5,9001,57.025014027167586
2022-07-27,1,9001,59.87901660904725
2022-07-27,2,9001,53.25561631730046
2022-07-27,3,9001,55.793127197456315
2022-07-27,4,9001,46.18372466729423
2022-07-27,5,9001,56.692980235499526
2022-08-03,1,9001,51.66717485220364
2022-08-03,2,9001,53.80676687836178
2022-08-03,3,9001,49.06117358771403
2022-08-03,4,9001,56.924676608842894
2022-08-03,5,9001,58.332897578272394
2022-08-10,1,9001,53.47693055271132
2022-08-10,2,9001,64.12505532043147
2022-08-10,3,9001,58.35279685283794
2022-08-10,4,9001,59.74316286627577
2022-08-10,5,9001,65.24701500835455
2022-08-17,1,9001,51.744431953812324
2022-08-17,2,9001,59.04309636423147
2022-08-17,3,9001,59.93290306977281
2022-08-17,4,9001,54.9691460195465
2022-08-17,5,9001,56.59526178965956
2022-08-24,1,9001,49.940890486290776
2022-08-24,2,9001,57.350837738631945
2022-08-24,3,9001,51.49514834185451
2022-08-24,4,9001,59.068414312632456
2022-08-24,5,9001,50.94284608003614
2022-08-31,1,9001,56.596987435497304
2022-08-31,2,9001,50.767386734181876
2022-08-31,3,9001,53.77118410435634
2022-08-31,4,9001,47.235704944472694
2022-08-31,5,9001,55.642170164628766
2022-09-07,1,9001,59.927216947024334
2022-09-07,2,9001,55.91623761533596
2022-09-07,3,9001,46.16885393284771
2022-09-07,4,9001,51.89733151692028
2022-09-07,5,9001,63.28021518499368
2022-09-14,1,9001,64.04902692791939
2022-09-14,2,9001,49.12481615993932
2022-09-14,3,9001,53.16648370586179
2022-09-14,4,9001,56.76812724463643
2022-09-14,5,9001,56.59578110433949
2022-09-21,1,9001,52.10021505490299
2022-09-21,2,9001,50.233606490265466
2022-09-21,3,9001,54.1028570652719
2022-09-21,4,9001,60.049041074721515
2022-09-21,5,9001,55.118133074607044
2022-09-28,1,9001,51.7548589020805
2022-09-28,2,9001,52.47812888975905
2022-09-28,3,9001,63.07195747729182
2022-09-28,4,9001,52.76520094372169
2022-09-28,5,9001,58.81588380556657
2022-10-05,1,9001,62.35859343092899
2022-10-05,2,9001,57.21832451843708
2022-10-05,3,9001,52.891390649649054
2022-10-05,4,9001,54.799991868969634
2022-10-05,5,9001,52.53860015886056
2022-10-12,1,9001,61.13858558656376
2022-10-12,2,9001,54.25223217377804
2022-10-12,3,9001,62.749916919912316
2022-10-12,4,9001,52.191937323093434
2022-10-12,5,9001,51.764413746838194
2022-10-19,1,9001,55.715660795252134
2022-10-19,2,9001,55.12094323995525
2022-10-19,3,9001,52.47774237709565
2022-10-19,4,9001,47.0930159503483
2022-10-19,5,9001,55.15033210627709
2022-10-26,1,9001,51.41711650464649
2022-10-26,2,9001,60.413054777380594
2022-10-26,3,9001,50.23657272530353
2022-10-26,4,9001,60.63241364504579
2022-10-26,5,9001,51.75478491310442
2022-11-02,1,9001,56.46235039203363
2022-11-02,2,9001,59.49351362201369
2022-11-02,3,9001,52.40628821604063
2022-11-02,4,9001,57.77219276172563
2022-11-02,5,9001,54.56013164407994
2022-11-09,1,9001,49.323935352962394
2022-11-09,2,9001,53.64960194500049
2022-11-09,3,9001,63.09894938767468
2022-11-09,4,9001,53.9293441315168
2022-11-09,5,9001,50.911087685375215
2022-11-16,1,9001,54.72988537959196
2022-11-16,2,9001,56.65070804928935
2022-11-16,3,9001,59.776623073287
2022-11-16,4,9001,60.71979938896221
2022-11-16,5,9001,55.50261199187531
2022-11-23,1,9001,60.822876228286916
2022-11-23,2,9001,51.17870026100426
2022-11-23,3,9001,43.27743297654848
2022-11-23,4,9001,52.64158287235232
2022-11-23,5,9001,52.42072255246305
2022-11-30,1,9001,43.41981924248719
2022-11-30,2,9001,57.81235878484766
2022-11-30,3,9001,51.0811243028881
2022-11-30,4,9001,53.86973006885918
2022-11-30,5,9001,47.06448506172979
2022-12-07,1,9001,57.73762100934158
2022-12-07,2,9001,64.45613508677741
2022-12-07,3,9001,50.60961444887978
2022-12-07,4,9001,54.43720544477607
2022-12-07,5,9001,64.74356532487995
2022-12-14,1,9001,59.66908166103863
2022-12-14,2,9001,64.56529710848524
2022-12-14,3,9001,54.973829710340304
2022-12-14,4,9001,54.23869975539183
2022-12-14,5,9001,52.45184171410441
2022-12-21,1,9001,62.17286851713059
2022-12-21,2,9001,48.57080733833506
2022-12-21,3,9001,56.53657107627509
2022-12-21,4,9001,54.768407333613084
2022-12-21,5,9001,66.2592090006344
2022-12-28,1,9001,51.95983135695146
2022-12-28,2,9001,47.45355915074482
2022-12-28,3,9001,56.16315884754288
2022-12-28,4,9001,54.801756519744536
2022-12-28,5,9001,50.80437466247327
2023-01-04,1,9001,55.66145544122078
2023-01-04,2,9001,53.622376266470305
2023-01-04,3,9001,51.606206793659844
2023-01-04,4,9001,57.504179658879124
2023-01-04,5,9001,53.341688439966056
2023-01-11,1,9001,45.82509874613737
2023-01-11,2,9001,41.74129375813659
2023-01-11,3,9001,52.097089139577925
2023-01-11,4,9001,62.270934354355944
2023-01-11,5,9001,59.19064689982346
2023-01-18,1,9001,61.07526790223068
2023-01-18,2,9001,59.91252721366397
2023-01-18,3,9001,56.57882012009215
2023-01-18,4,9001,47.46468686141839
2023-01-18,5,9001,56.027848935831386
2023-01-25,1,9001,62.98614045171905
2023-01-25,2,9001,38.01968232712818
2023-01-25,3,9001,51.09323857848959
2023-01-25,4,9001,60.512323203759536
2023-01-25,5,9001,57.643725097226465
2023-02-01,1,9001,58.94697201757427
2023-02-01,2,9001,57.285497529280406
2023-02-01,3,9001,57.694165578290615
2023-02-01,4,9001,55.073215612055506
2023-02-01,5,9001,50.41755432148453
2023-02-08,1,9001,48.86592454616172
2023-02-08,2,9001,55.180764340651116
2023-02-08,3,9001,52.893034432143054
2023-02-08,4,9001,50.50317795768547
2023-02-08,5,9001,57.08720658743281
2023-02-15,1,9001,55.76722368432005
2023-02-15,2,9001,62.31641522596623
2023-02-15,3,9001,49.39248751337229
2023-02-15,4,9001,52.41105958472488
2023-02-15,5,9001,54.625264558307386
2023-02-22,1,9001,47.9610495928046
2023-02-22,2,9001,53.576470659447615
2023-02-22,3,9001,51.45914410893312
2023-02-22,4,9001,44.26180499431242
2023-02-22,5,9001,53.58081419694321
2023-03-01,1,9001,52.329639180119564
2023-03-01,2,9001,60.66505097077098
2023-03-01,3,9001,51.979655385761724
2023-03-01,4,9001,57.78755797796236
2023-03-01,5,9001,55.71314646627543
2023-03-08,1,9001,48.815698925773376
2023-03-08,2,9001,56.87071986251595
2023-03-08,3,9001,54.469569382667736
2023-03-08,4,9001,55.83030993254525
2023-03-08,5,9001,58.29017424171203
2023-03-15,1,9001,55.569814599856926
2023-03-15,2,9001,62.925795820155955
2023-03-15,3,9001,55.57776720221662
2023-03-15,4,9001,48.730004803582425
2023-03-15,5,9001,58.709323896503705
2023-03-22,1,9001,48.88549192500076
2023-03-22,2,9001,45.405529341189435
2023-03-22,3,9001,50.950318050396035
2023-03-22,4,9001,51.27661385607361
2023-03-22,5,9001,51.96247038653401
2023-03-29,1,9001,63.03379783032469
2023-03-29,2,9001,63.17799723141814
2023-03-29,3,9001,58.63045548349246
2023-03-29,4,9001,48.63082537478271
2023-03-29,5,9001,55.1157327771667
2023-04-05,1,9001,57.43560616913239
2023-04-05,2,9001,54.314862483651346
2023-04-05,3,9001,55.85872741228005
2023-04-05,4,9001,50.27603042550007
2023-04-05,5,9001,48.56189846996894
2023-04-12,1,9001,62.03882869375516
2023-04-12,2,9001,56.3368634452658
2023-04-12,3,9001,52.95801178926994
2023-04-12,4,9001,56.626356099584704
2023-04-12,5,9001,65.31240486559676
2023-04-19,1,9001,56.813334778319756
2023-04-19,2,9001,62.05702322351949
2023-04-19,3,9001,61.837721572877136
2023-04-19,4,9001,52.96411926439231
2023-04-19,5,9001,58.812708654429265
2023-04-26,1,9001,51.74399588484139
2023-04-26,2,9001,47.63172110265841
2023-04-26,3,9001,48.991671017974454
2023-04-26,4,9001,54.25639760934954
2023-04-26,5,9001,63.98531214276154
2023-05-03,1,9001,55.52404358927786
2023-05-03,2,9001,50.98581013324262
2023-05-03,3,9001,56.15187482081837
2023-05-03,4,9001,58.48987596609044
2023-05-03,5,9001,48.5239913402706
2023-05-10,1,9001,49.726598910111676
2023-05-10,2,9001,45.29196255162464
2023-05-10,3,9001,48.65219703498139
2023-05-10,4,9001,50.562805945919465
2023-05-10,5,9001,53.54042118648403
2023-05-17,1,9001,62.05047026486515
2023-05-17,2,9001,59.4432071513197
2023-05-17,3,9001,56.36487159845131
2023-05-17,4,9001,52.166792669869054
2023-05-17,5,9001,54.798965312817124
2023-05-24,1,9001,57.738061226505316
2023-05-24,2,9001,52.47983339197232
2023-05-24,3,9001,60.295350647793995
2023-05-24,4,9001,60.48726783217894
2023-05-24,5,9001,49.16747685187207
2023-05-31,1,9001,51.265443449569695
2023-05-31,2,9001,61.03369366669634
2023-05-31,3,9001,46.56390059728325
2023-05-31,4,9001,57.09854947453164
2023-05-31,5,9001,56.16749380819398
2023-06-07,1,9001,70.97950598928693
2023-06-07,2,9001,41.351598293865244
2023-06-07,3,9001,50.79602099287977
2023-06-07,4,9001,58.37014334325228
2023-06-07,5,9001,63.37163254835695
2023-06-14,1,9001,59.19843541920247
2023-06-14,2,9001,47.858157822224044
2023-06-14,3,9001,66.19694084583911
2023-06-14,4,9001,46.21366887949122
2023-06-14,5,9001,49.43491956047671
2023-06-21,1,9001,54.78429804693333
2023-06-21,2,9001,66.12793454453302
2023-06-21,3,9001,57.5315829366911
2023-06-21,4,9001,58.65198025717884
2023-06-21,5,9001,63.640387973684085
2023-06-28,1,9001,59.923899841572776
2023-06-28,2,9001,48.87631062017867
2023-06-28,3,9001,58.548631090329124
2023-06-28,4,9001,54.453900037109676
2023-06-28,5,9001,63.91303947694166
2023-07-05,1,9001,53.78277660198513
2023-07-05,2,9001,47.36446488872694
2023-07-05,3,9001,57.45917185733311
2023-07-05,4,9001,56.77251830463496
2023-07-05,5,9001,54.91186826184811
2023-07-12,1,9001,49.717248389413875
2023-07-12,2,9001,50.80542666960866
2023-07-12,3,9001,54.93687141754787
2023-07-12,4,9001,60.19055073002165
2023-07-12,5,9001,53.177711430474695
2023-07-19,1,9001,50.642752639073024
2023-07-19,2,9001,41.47898487276651
2023-07-19,3,9001,57.47124918270323
2023-07-19,4,9001,57.13670162499557
2023-07-19,5,9001,61.54595430054842
2023-07-26,1,9001,62.33361321155349
2023-07-26,2,9001,54.28471966852692
2023-07-26,3,9001,61.4925686310537
2023-07-26,4,9001,55.00656773777961
2023-07-26,5,9001,51.617949621572095
2023-08-02,1,9001,50.75901701557266
2023-08-02,2,9001,53.26529449796282
2023-08-02,3,9001,56.13739721513536
2023-08-02,4,9001,54.862992981944444
2023-08-02,5,9001,56.00438895292516
2023-08-09,1,9001,55.99471335911398
2023-08-09,2,9001,58.57299678041845
2023-08-09,3,9001,53.63409112555075
2023-08-09,4,9001,63.17673728965865
2023-08-09,5,9001,57.188469432398215
2023-08-16,1,9001,49.0323207462546
2023-08-16,2,9001,53.616750979004095
2023-08-16,3,9001,57.579415252675595
2023-08-16,4,9001,52.944723339568284
2023-08-16,5,9001,56.72497524736287
2023-08-23,1,9001,57.17197930415569
2023-08-23,2,9001,61.517388415025145
2023-08-23,3,9001,51.74152044633462
2023-08-23,4,9001,54.91559568836006
2023-08-23,5,9001,52.16153772353204
2023-08-30,1,9001,49.36433565118358
2023-08-30,2,9001,45.75514844410483
2023-08-30,3,9001,55.97764527590945
2023-08-30,4,9001,58.007826125977935
2023-08-30,5,9001,58.195790798949666
2023-09-06,1,9001,48.050035912689594
2023-09-06,2,9001,49.35161073301208
2023-09-06,3,9001,49.29422902581216
2023-09-06,4,9001,51.55664250199557
2023-09-06,5,9001,55.85098909076065
2023-09-13,1,9001,57.97241713628705
2023-09-13,2,9001,50.92483674637521
2023-09-13,3,9001,40.678265814666354
2023-09-13,4,9001,59.7691174085413
2023-09-13,5,9001,58.07642385306722
2023-09-20,1,9001,51.495646497248686
2023-09-20,2,9001,49.63169329265105
2023-09-20,3,9001,53.50004401600132
2023-09-20,4,9001,55.540532814012856
2023-09-20,5,9001,58.61600381793837
2023-09-27,1,9001,61.95047548037133
2023-09-27,2,9001,50.75558300810798
2023-09-27,3,9001,56.45361422321749
2023-09-27,4,9001,61.67088016851211
2023-09-27,5,9001,50.493289223704586
2023-10-04,1,9001,53.886182935335746
2023-10-04,2,9001,46.14265985898301
2023-10-04,3,9001,56.43711125057223
2023-10-04,4,9001,51.79404118838001
2023-10-04,5,9001,50.37531178880526
2023-10-11,1,9001,51.100112654073385
2023-10-11,2,9001,57.222516867971855
2023-10-11,3,9001,44.187654986941695
2023-10-11,4,9001,52.87244550039527
2023-10-11,5,9001,49.93141170397727
2023-10-18,1,9001,50.18940485848127
2023-10-18,2,9001,57.373173136386825
2023-10-18,3,9001,56.758771348022684
2023-10-18,4,9001,54.46489821876509
2023-10-18,5,9001,57.68758628300173
2023-10-25,1,9001,51.98947550775935
2023-10-25,2,9001,44.88351177333159
2023-10-25,3,9001,60.772106402990694
2023-10-25,4,9001,53.846535011529454
2023-10-25,5,9001,53.17455615892545
2023-11-01,1,9001,55.787589646878615
2023-11-01,2,9001,58.829661114921976
2023-11-01,3,9001,57.13043483101157
2023-11-01,4,9001,59.63632699982655
2023-11-01,5,9001,55.23067296420244
2023-11-08,1,9001,52.47857178454444
2023-11-08,2,9001,53.49775295822219
2023-11-08,3,9001,59.114579893229354
2023-11-08,4,9001,50.75365601935481
2023-11-08,5,9001,50.23194952159402
2023-11-15,1,9001,56.56739357941288
2023-11-15,2,9001,58.06236653716657
2023-11-15,3,9001,46.54458386231559
2023-11-15,4,9001,58.92349313721162
2023-11-15,5,9001,55.059625676300115
2023-11-22,1,9001,54.0937235606502
2023-11-22,2,9001,60.53477201240335
2023-11-22,3,9001,62.396974354941314
2023-11-22,4,9001,49.263002795000794
2023-11-22,5,9001,60.058271882569976
2023-11-29,1,9001,51.83965402512559
2023-11-29,2,9001,55.66180659759545
2023-11-29,3,9001,57.40463032362662
2023-11-29,4,9001,55.665888137923034
2023-11-29,5,9001,47.685677688359036
2023-12-06,1,9001,52.467991097626296
2023-12-06,2,9001,62.69831618668773
2023-12-06,3,9001,55.86396809193646
2023-12-06,4,9001,50.82088037960161
2023-12-06,5,9001,51.72035648060196
2023-12-13,1,9001,60.2878304326766
2023-12-13,2,9001,56.730417449326836
2023-12-13,3,9001,50.51406729003153
2023-12-13,4,9001,55.031326056278154
2023-12-13,5,9001,57.98335254537865
2023-12-20,1,9001,63.612759039720046
2023-12-20,2,9001,50.591252582953274
2023-12-20,3,9001,53.10027022416566
2023-12-20,4,9001,59.98055007936881
2023-12-20,5,9001,52.704395535280796
2023-12-27,1,9001,62.30132873106284
2023-12-27,2,9001,60.21623088475176
2023-12-27,3,9001,46.70479514826583
2023-12-27,4,9001,57.11978888113698
2023-12-27,5,9001,47.9041853690738
2024-01-03,1,9001,47.676537716646585
2024-01-03,2,9001,55.35210486073916
2024-01-03,3,9001,55.283491109901355
2024-01-03,4,9001,54.83645911367206
2024-01-03,5,9001,61.32140612033187
2024-01-10,1,9001,56.4749394286512
2024-01-10,2,9001,51.63456589747756
2024-01-10,3,9001,55.59794145745478
2024-01-10,4,9001,52.42801745504353
2024-01-10,5,9001,54.659442130667315
2024-01-17,1,9001,49.25994044081629
2024-01-17,2,9001,54.42377759935415
2024-01-17,3,9001,55.514681959245046
2024-01-17,4,9001,51.4912825644843
2024-01-17,5,9001,55.20615312135147
2024-01-24,1,9001,51.756158247007605
2024-01-24,2,9001,51.779960702667786
2024-01-24,3,9001,53.97780587466814
2024-01-24,4,9001,57.45420458830796
2024-01-24,5,9001,53.97331506364735
2024-01-31,1,9001,55.95345661962628
2024-01-31,2,9001,59.85012096330562
2024-01-31,3,9001,53.573694610764655
2024-01-31,4,9001,54.48190365729117
2024-01-31,5,9001,57.55627270601853
2024-02-07,1,9001,48.70918774992139
2024-02-07,2,9001,57.71912984478097
2024-02-07,3,9001,52.32518206708505
2024-02-07,4,9001,49.309769866099636
2024-02-07,5,9001,46.15998114562173
2024-02-14,1,9001,51.42510898566129
2024-02-14,2,9001,49.148988678201896
2024-02-14,3,9001,49.1077592579027
2024-02-14,4,9001,63.13645668976666
2024-02-14,5,9001,48.93926667185733
2024-02-21,1,9001,59.98754958720642
2024-02-21,2,9001,57.72622820710085
2024-02-21,3,9001,50.5760544241244
2024-02-21,4,9001,51.94384651059315
2024-02-21,5,9001,52.949002435833215
2024-02-28,1,9001,55.95204684918407
2024-02-28,2,9001,53.25837535520331
2024-02-28,3,9001,59.13423765142494
2024-02-28,4,9001,53.53656548848639
2024-02-28,5,9001,44.1732689501838
2024-03-06,1,9001,54.5189161189831
2024-03-06,2,9001,45.740215768757075
2024-03-06,3,9001,59.68905567616045
2024-03-06,4,9001,51.261567592802514
2024-03-06,5,9001,49.42379282149918
2024-03-13,1,9001,52.04246792350588
2024-03-13,2,9001,57.92615341954596
2024-03-13,3,9001,45.40720900345069
2024-03-13,4,9001,56.269083957520465
2024-03-13,5,9001,50.13879116876915
2024-03-20,1,9001,54.95743275980992
2024-03-20,2,9001,58.3952095550374
2024-03-20,3,9001,57.84815683346211
2024-03-20,4,9001,62.514808305641985
2024-03-20,5,9001,55.64542700582737
2024-03-27,1,9001,51.49408524161691
2024-03-27,2,9001,65.76853607988616
2024-03-27,3,9001,53.48376930869125
2024-03-27,4,9001,59.03789888454006
2024-03-27,5,9001,59.65495733063207
2024-04-03,1,9001,57.274510491364666
2024-04-03,2,9001,62.127103450318
2024-04-03,3,9001,53.955044137436246
2024-04-03,4,9001,48.84298610454696
2024-04-03,5,9001,53.196982114233265
2024-04-10,1,9001,52.26393350257972
2024-04-10,2,9001,56.639980037572336
2024-04-10,3,9001,50.333500839531716
2024-04-10,4,9001,58.40405412400088
2024-04-10,5,9001,49.18058799906821
2024-04-17,1,9001,63.777247549416735
2024-04-17,2,9001,62.248186821274544
2024-04-17,3,9001,52.75602529394458
2024-04-17,4,9001,55.70033644465232
2024-04-17,5,9001,53.13174835911209
2024-04-24,1,9001,48.967829413809575
2024-04-24,2,9001,41.69327012529494
2024-04-24,3,9001,54.874527533672044
2024-04-24,4,9001,54.82813371375468
2024-04-24,5,9001,63.21179519522424
2024-05-01,1,9001,45.022689262305846
2024-05-01,2,9001,51.68914620698796
2024-05-01,3,9001,59.40018996155016
2024-05-01,4,9001,56.711937100008214
2024-05-01,5,9001,55.608769277618926
2024-05-08,1,9001,51.89619482744094
2024-05-08,2,9001,56.00472633787011
2024-05-08,3,9001,53.82047325988329
2024-05-08,4,9001,55.56830557485113
2024-05-08,5,9001,52.11035402356091
2024-05-15,1,9001,60.94282442919165
2024-05-15,2,9001,60.29968139060737
2024-05-15,3,9001,61.68379105432338
2024-05-15,4,9001,53.16415414434891
2024-05-15,5,9001,53.47831647610803
2024-05-22,1,9001,53.24860187882143
2024-05-22,2,9001,61.870723813640126
2024-05-22,3,9001,53.50139754062465
2024-05-22,4,9001,55.48817572112616
2024-05-22,5,9001,56.90594014361861
2024-05-29,1,9001,58.39106278409392
2024-05-29,2,9001,53.661633638828654
2024-05-29,3,9001,66.72982832167456
2024-05-29,4,9001,50.362526722375854
2024-05-29,5,9001,47.86721413151131
2024-06-05,1,9001,55.21151332194906
2024-06-05,2,9001,63.83721735002407
2024-06-05,3,9001,55.263751635726834
2024-06-05,4,9001,55.54863019984984
2024-06-05,5,9001,59.316013077790764
2024-06-12,1,9001,54.50513397615192
2024-06-12,2,9001,55.5184827304311
2024-06-12,3,9001,61.0424243784232
2024-06-12,4,9001,55.46873010526386
2024-06-12,5,9001,51.239017405269585
2024-06-19,1,9001,56.974621099363304
2024-06-19,2,9001,49.54239783006291
2024-06-19,3,9001,47.70853787502153
2024-06-19,4,9001,54.38643857522123
2024-06-19,5,9001,49.49535404165802
2024-06-26,1,9001,57.904615359198786
2024-06-26,2,9001,54.26526255320106
2024-06-26,3,9001,51.16832692463823
2024-06-26,4,9001,63.11448789272312
2024-06-26,5,9001,54.45029727982005
2024-07-03,1,9001,62.10852427131029
2024-07-03,2,9001,54.43289475501801
2024-07-03,3,9001,53.353595292094234
2024-07-03,4,9001,56.86730491798571
2024-07-03,5,9001,60.149440654699056
2024-07-10,1,9001,68.52887523599671
2024-07-10,2,9001,49.825270643753775
2024-07-10,3,9001,54.082850706796364
2024-07-10,4,9001,60.38885653725663
2024-07-10,5,9001,56.708101126493965
2024-07-17,1,9001,54.06328187940663
2024-07-17,2,9001,48.485704457352625
2024-07-17,3,9001,53.60670869012167
2024-07-17,4,9001,54.07623045770867
2024-07-17,5,9001,54.59111251413218
2024-07-24,1,9001,63.061208968635334
2024-07-24,2,9001,52.690300802476656
2024-07-24,3,9001,47.11974849590682
2024-07-24,4,9001,57.48216536765564
2024-07-24,5,9001,54.44023108090516
2024-07-31,1,9001,53.97826799894013
2024-07-31,2,9001,58.17784081428201
2024-07-31,3,9001,40.46663022964227
2024-07-31,4,9001,52.23170873619522
2024-07-31,5,9001,54.23274085874539
2024-08-07,1,9001,58.0264525788022
2024-08-07,2,9001,53.69496701907819
2024-08-07,3,9001,49.97430768794374
2024-08-07,4,9001,56.86283057156292
2024-08-07,5,9001,55.09723088260062
2024-08-14,1,9001,55.55264407697638
2024-08-14,2,9001,60.782852184617894
2024-08-14,3,9001,52.288897698941184
2024-08-14,4,9001,48.75399358290459
2024-08-14,5,9001,48.599937016234044
2024-08-21,1,9001,49.88033606104808
2024-08-21,2,9001,48.061747100059684
2024-08-21,3,9001,54.753894427969364
2024-08-21,4,9001,64.05480365241569
2024-08-21,5,9001,54.50244967145866
2024-08-28,1,9001,58.886185621486916
2024-08-28,2,9001,49.48701837409993
2024-08-28,3,9001,53.89177608649103
2024-08-28,4,9001,57.830474812979496
2024-08-28,5,9001,53.22520327372468
2024-09-04,1,9001,58.92631300734022
2024-09-04,2,9001,58.47023689299702
2024-09-04,3,9001,51.83635052207522
2024-09-04,4,9001,51.14020679019346
2024-09-04,5,9001,66.78908693800551
2024-09-11,1,9001,54.03725331820095
2024-09-11,2,9001,55.033096671070986
2024-09-11,3,9001,54.7272698768632
2024-09-11,4,9001,52.15896559729812
2024-09-11,5,9001,50.365120281516774
2024-09-18,1,9001,49.321324093096486
2024-09-18,2,9001,59.569811695272264
2024-09-18,3,9001,50.069685833385634
2024-09-18,4,9001,58.337427067448154
2024-09-18,5,9001,62.032977448533096
2024-09-25,1,9001,60.78889480058939
2024-09-25,2,9001,54.306234012132336
2024-09-25,3,9001,52.30339074519931
2024-09-25,4,9001,49.60553250469242
2024-09-25,5,9001,54.907189300244454
2024-10-02,1,9001,53.83692157160648
2024-10-02,2,9001,55.7814677125708
2024-10-02,3,9001,51.979951226229836
2024-10-02,4,9001,58.145175600608326
2024-10-02,5,9001,58.57084785426011
2024-10-09,1,9001,60.37943050644379
2024-10-09,2,9001,66.24877758689662
2024-10-09,3,9001,55.989452994396466
2024-10-09,4,9001,52.12226840760648
2024-10-09,5,9001,54.61339567497703
2024-10-16,1,9001,46.8604005544949
2024-10-16,2,9001,55.649615769845184
2024-10-16,3,9001,52.871634333699696
2024-10-16,4,9001,57.030058742605625
2024-10-16,5,9001,53.655949071809644
2024-10-23,1,9001,48.09507731851147
2024-10-23,2,9001,55.1829166067228
2024-10-23,3,9001,48.23377734411807
2024-10-23,4,9001,59.48503096971129
2024-10-23,5,9001,45.85320143868037
2024-10-30,1,9001,54.29061527914005
2024-10-30,2,9001,57.2899088892139
2024-10-30,3,9001,47.40191243455007
2024-10-30,4,9001,61.99527657330134
2024-10-30,5,9001,50.57330404548488
2024-11-06,1,9001,52.4683485438934
2024-11-06,2,9001,55.81666052983165
2024-11-06,3,9001,53.31428071870804
2024-11-06,4,9001,49.82024233995087
2024-11-06,5,9001,57.046689641083574
2024-11-13,1,9001,52.37888270891557
2024-11-13,2,9001,57.53250186762092
2024-11-13,3,9001,52.476385686126456
2024-11-13,4,9001,50.21374835523248
2024-11-13,5,9001,54.52682820773372
2024-11-20,1,9001,58.247196588052915
2024-11-20,2,9001,56.21160899663533
2024-11-20,3,9001,54.70532954869143
2024-11-20,4,9001,45.26102964211912
2024-11-20,5,9001,62.25721815945747
2024-11-27,1,9001,54.800301611811385
2024-11-27,2,9001,50.68001154465044
2024-11-27,3,9001,53.99154880143741
2024-11-27,4,9001,56.30627781363716
2024-11-27,5,9001,47.40824308347069
2024-12-04,1,9001,58.58654316137901
2024-12-04,2,9001,56.23416364048209
2024-12-04,3,9001,61.01383523152543
2024-12-04,4,9001,59.930196352236756
2024-12-04,5,9001,52.310297004688806
2024-12-11,1,9001,52.54858629093022
2024-12-11,2,9001,50.02241913718776
2024-12-11,3,9001,53.19148535872693
2024-12-11,4,9001,59.72177405648461
2024-12-11,5,9001,63.96103505807727
2024-12-18,1,9001,59.6420469793215
2024-12-18,2,9001,45.85031165184658
2024-12-18,3,9001,59.10939053081558
2024-12-18,4,9001,60.18134381001702
2024-12-18,5,9001,58.087100720649005
2024-12-25,1,9001,50.72534818440607
2024-12-25,2,9001,60.322552592423555
2024-12-25,3,9001,58.64740729051833
2024-12-25,4,9001,58.31328292179045
2024-12-25,5,9001,53.092963986478786
2025-01-01,1,9001,59.229458888967905
2025-01-01,2,9001,55.55795942222906
2025-01-01,3,9001,54.66114869171982
2025-01-01,4,9001,62.43549048259139
2025-01-01,5,9001,58.78611688323115
2025-01-08,1,9001,40.62978753300644
2025-01-08,2,9001,52.86728775461259
2025-01-08,3,9001,47.562968521840126
2025-01-08,4,9001,57.94395822855468
2025-01-08,5,9001,52.7870024461211
2025-01-15,1,9001,59.50652401160099
2025-01-15,2,9001,57.33914170183844
2025-01-15,3,9001,55.11020159333515
2025-01-15,4,9001,54.57446084102194
2025-01-15,5,9001,53.19366428673271
2025-01-22,1,9001,55.997532507686344
2025-01-22,2,9001,49.45872872649848
2025-01-22,3,9001,58.36397035243177
2025-01-22,4,9001,53.029431833131795
2025-01-22,5,9001,51.280162072075036
2025-01-29,1,9001,53.369432616082946
2025-01-29,2,9001,64.37334413407237
2025-01-29,3,9001,46.210004273266314
2025-01-29,4,9001,53.25569545017566
2025-01-29,5,9001,55.53294614559193
2025-02-05,1,9001,52.311706093974266
2025-02-05,2,9001,52.94365434044082
2025-02-05,3,9001,56.9117416898806
2025-02-05,4,9001,56.11257044271321
2025-02-05,5,9001,51.6312274584015
2025-02-12,1,9001,57.83716456935262
2025-02-12,2,9001,55.8974182738
2025-02-12,3,9001,58.43170874744013
2025-02-12,4,9001,48.36368169258294
2025-02-12,5,9001,51.16041780888834
2025-02-19,1,9001,54.03648745663606
2025-02-19,2,9001,59.79525599041105
2025-02-19,3,9001,52.35484319010279
2025-02-19,4,9001,49.835565045245716
2025-02-19,5,9001,58.85872745223703
2025-02-26,1,9001,57.32678332099267
2025-02-26,2,9001,48.871644665430125
2025-02-26,3,9001,65.23338620110164
2025-02-26,4,9001,62.493372244486466
2025-02-26,5,9001,48.05525457661579
2025-03-05,1,9001,65.76688231861405
2025-03-05,2,9001,46.35441629725318
2025-03-05,3,9001,55.510212425472474
2025-03-05,4,9001,49.29360436251453
2025-03-05,5,9001,53.1149545589811
2025-03-12,1,9001,53.25608950618977
2025-03-12,2,9001,56.614425406142814
2025-03-12,3,9001,49.37830191029921
2025-03-12,4,9001,41.214751388396635
2025-03-12,5,9001,54.520944504401356
2025-03-19,1,9001,51.26650097521675
2025-03-19,2,9001,56.053907090026925
2025-03-19,3,9001,50.75745095745591
2025-03-19,4,9001,58.96132382852172
2025-03-19,5,9001,55.145937162878276
2025-03-26,1,9001,58.01694006241896
2025-03-26,2,9001,50.025299475932755
2025-03-26,3,9001,53.943337709281195
2025-03-26,4,9001,56.720105437480925
2025-03-26,5,9001,54.55310735508232
2025-04-02,1,9001,63.270187332582495
2025-04-02,2,9001,45.185456433955125
2025-04-02,3,9001,58.780627557497446
2025-04-02,4,9001,55.072093289715276
2025-04-02,5,9001,59.728569020303965
2025-04-09,1,9001,54.50595753806858
2025-04-09,2,9001,41.30122878306428
2025-04-09,3,9001,57.101529247115764
2025-04-09,4,9001,53.90810368869508
2025-04-09,5,9001,50.05322335200873
2025-04-16,1,9001,51.717655519077304
2025-04-16,2,9001,55.27831774100653
2025-04-16,3,9001,67.26031722387485
2025-04-16,4,9001,55.94086786868855
2025-04-16,5,9001,50.101518158111496
2025-04-23,1,9001,64.51805233752279
2025-04-23,2,9001,52.80740108902193
2025-04-23,3,9001,50.85136952207268
2025-04-23,4,9001,48.76384340618999
2025-04-23,5,9001,51.63095418456105
2025-04-30,1,9001,64.67583631983481
2025-04-30,2,9001,59.532807174320375
2025-04-30,3,9001,58.68263385713539
2025-04-30,4,9001,55.73312652022563
2025-04-30,5,9001,56.415603983695
2025-05-07,1,9001,57.94638360385064
2025-05-07,2,9001,56.079247382885214
2025-05-07,3,9001,55.77526617437159
2025-05-07,4,9001,59.76913318151926
2025-05-07,5,9001,54.170736487603556
2025-05-14,1,9001,56.2750187278548
2025-05-14,2,9001,50.51263820322671
2025-05-14,3,9001,62.919850523513944
2025-05-14,4,9001,61.96379314082984
2025-05-14,5,9001,45.93870884135539
2025-05-21,1,9001,53.91840160705271
2025-05-21,2,9001,57.74928028355439
2025-05-21,3,9001,57.41368118758789
2025-05-21,4,9001,58.80424364475037
2025-05-21,5,9001,52.77170991532993
2025-05-28,1,9001,48.97333290188239
2025-05-28,2,9001,56.50733369882357
2025-05-28,3,9001,47.30427388202184
2025-05-28,4,9001,58.176853617468076
2025-05-28,5,9001,58.514758873775754
2025-06-04,1,9001,45.470585676913295
2025-06-04,2,9001,59.69460724778119
2025-06-04,3,9001,53.87753947252103
2025-06-04,4,9001,51.63091612306027
2025-06-04,5,9001,57.228937224028336
2025-06-11,1,9001,61.40308553449303
2025-06-11,2,9001,62.82565067125615
2025-06-11,3,9001,48.997269819052526
2025-06-11,4,9001,52.81152516813007
2025-06-11,5,9001,55.73190740912234
2025-06-18,1,9001,55.330095377769425
2025-06-18,2,9001,52.774819923517455
2025-06-18,3,9001,43.28943806779249
2025-06-18,4,9001,53.608088162460746
2025-06-18,5,9001,49.090981838275745
2025-06-25,1,9001,55.16562636282001
2025-06-25,2,9001,50.811414940797306
2025-06-25,3,9001,54.41194459876856
2025-06-25,4,9001,51.292387144354024
2025-06-25,5,9001,52.958265154084174
2025-07-02,1,9001,53.11114619520641
2025-07-02,2,9001,61.6418335599859
2025-07-02,3,9001,58.58218153420988
2025-07-02,4,9001,53.838554058745196
2025-07-02,5,9001,48.86886549878666
2025-07-09,1,9001,60.23769045465814
2025-07-09,2,9001,47.817964065880865
2025-07-09,3,9001,49.087655358067025
2025-07-09,4,9001,51.118975820934224
2025-07-09,5,9001,50.13843245262125
2025-07-16,1,9001,50.48171219404463
2025-07-16,2,9001,61.43601973022216
2025-07-16,3,9001,54.46906199506343
2025-07-16,4,9001,51.420645231714666
2025-07-16,5,9001,58.35861098238831
2025-07-23,1,9001,55.9881681295844
2025-07-23,2,9001,48.89951637333183
2025-07-23,3,9001,52.19517439774518
2025-07-23,4,9001,57.66866317205857
2025-07-23,5,9001,64.75157732341943
2025-07-30,1,9001,62.909716148002566
2025-07-30,2,9001,59.18893761118054
2025-07-30,3,9001,54.934651686577624
2025-07-30,4,9001,46.371020189945064
2025-07-30,5,9001,51.34573213159012
2025-08-06,1,9001,53.92293067326518
2025-08-06,2,9001,57.45103334276857
2025-08-06,3,9001,55.29696711878076
2025-08-06,4,9001,55.29156026462287
2025-08-06,5,9001,64.1918155328748
2025-08-13,1,9001,56.93825449706754
2025-08-13,2,9001,53.59724637672671
2025-08-13,3,9001,52.85741131018212
2025-08-13,4,9001,55.47662467765969
2025-08-13,5,9001,50.9333429552929
2025-08-20,1,9001,61.840950387127364
2025-08-20,2,9001,53.56231984954884
2025-08-20,3,9001,52.3572378826124
2025-08-20,4,9001,50.63493538371511
2025-08-20,5,9001,59.67946536200333
2025-08-27,1,9001,48.613663384888945
2025-08-27,2,9001,52.65630080530385
2025-08-27,3,9001,56.56258136669836
2025-08-27,4,9001,54.45838849178244
2025-08-27,5,9001,56.25395208666516
2025-09-03,1,9001,48.419033028968876
2025-09-03,2,9001,52.84962275416307
2025-09-03,3,9001,46.479451512069346
2025-09-03,4,9001,50.78931317392771
2025-09-03,5,9001,60.74125297654365
2025-09-10,1,9001,56.26415767954608
2025-09-10,2,9001,55.42643593062259
2025-09-10,3,9001,50.33186934739396
2025-09-10,4,9001,52.21590196920184
2025-09-10,5,9001,49.91814840289615
2025-09-17,1,9001,55.26762624910574
2025-09-17,2,9001,58.825668030736296
2025-09-17,3,9001,56.49597407690752
2025-09-17,4,9001,51.911921258934
2025-09-17,5,9001,57.76393656787162
2025-09-24,1,9001,56.9395424943449
2025-09-24,2,9001,59.21605471125181
2025-09-24,3,9001,52.79686206831703
2025-09-24,4,9001,49.10317313373638
2025-09-24,5,9001,54.577154673205904
2025-10-01,1,9001,56.513888475263045
2025-10-01,2,9001,62.79546865562175
2025-10-01,3,9001,54.65168736347378
2025-10-01,4,9001,57.13519707233901
2025-10-01,5,9001,54.5836840086191
2025-10-08,1,9001,65.78198870380909
2025-10-08,2,9001,61.6898402969118
2025-10-08,3,9001,53.83847776302378
2025-10-08,4,9001,54.36297955026304
2025-10-08,5,9001,54.89157297864124
2025-10-15,1,9001,55.56627042192293
2025-10-15,2,9001,52.17452294753763
2025-10-15,3,9001,55.403501936222476
2025-10-15,4,9001,51.52114296705529
2025-10-15,5,9001,49.51898933524008
2025-10-22,1,9001,59.0222027887726
2025-10-22,2,9001,58.28322059967354
2025-10-22,3,9001,52.15984661327731
2025-10-22,4,9001,61.36392920744069
2025-10-22,5,9001,54.037280421215144
2025-10-29,1,9001,53.581673907055915
2025-10-29,2,9001,50.231641435303736
2025-10-29,3,9001,54.87824676982918
2025-10-29,4,9001,54.31507017571239
2025-10-29,5,9001,55.33759195560544
2025-11-05,1,9001,57.22584179915988
2025-11-05,2,9001,59.53300194123003
2025-11-05,3,9001,56.63705283230287
2025-11-05,4,9001,59.96280813376046
2025-11-05,5,9001,60.327002870135445
2025-11-12,1,9001,40.3475897230971
2025-11-12,2,9001,53.18613128506126
2025-11-12,3,9001,57.84966269046279
2025-11-12,4,9001,49.40182263847482
2025-11-12,5,9001,50.19674820697954
2025-11-19,1,9001,56.36868235956103
2025-11-19,2,9001,52.7928835567992
2025-11-19,3,9001,46.34256091160744
2025-11-19,4,9001,59.52927421988186
2025-11-19,5,9001,50.795801792466136
2025-11-26,1,9001,56.93173927462984
2025-11-26,2,9001,57.062150572285084
2025-11-26,3,9001,62.60634321521174
2025-11-26,4,9001,55.98282117730411
2025-11-26,5,9001,58.32805176418391
2025-12-03,1,9001,60.70295546124056
2025-12-03,2,9001,52.96809435976205
2025-12-03,3,9001,46.72219323155355
2025-12-03,4,9001,55.7146501824555
2025-12-03,5,9001,61.629571541544124
2025-12-10,1,9001,47.968611696802235
2025-12-10,2,9001,60.060658074975734
2025-12-10,3,9001,54.69934578521087
2025-12-10,4,9001,55.497407121401366
2025-12-10,5,9001,53.25389101247064
2025-12-17,1,9001,60.18426639795165
2025-12-17,2,9001,62.120782395708176
2025-12-17,3,9001,62.85424395693092
2025-12-17,4,9001,50.162996334663575
2025-12-17,5,9001,58.796429221713964
2025-12-24,1,9001,53.119051727709284
2025-12-24,2,9001,50.08295293042403
2025-12-24,3,9001,56.949475505516084
2025-12-24,4,9001,54.91024643125876
2025-12-24,5,9001,58.95862302545019
2025-12-31,1,9001,63.961989378185066
2025-12-31,2,9001,60.18358442468162
2025-12-31,3,9001,51.521571922198056
2025-12-31,4,9001,55.69811332484659
2025-12-31,5,9001,62.06622746946273
2026-01-07,1,9001,60.8721879814782
2026-01-07,2,9001,47.07609208667854
2026-01-07,3,9001,59.732149603168985
2026-01-07,4,9001,53.297429574406635
2026-01-07,5,9001,51.87318654648146
2026-01-14,1,9001,49.49398885508644
2026-01-14,2,9001,53.4410226996324
2026-01-14,3,9001,58.44328252691819
2026-01-14,4,9001,62.17635938933678
2026-01-14,5,9001,55.694535491001105
2026-01-21,1,9001,54.634738067891305
2026-01-21,2,9001,53.988320309441
2026-01-21,3,9001,59.76899667871085
2026-01-21,4,9001,49.59403276278982
2026-01-21,5,9001,56.25009352275661
2026-01-28,1,9001,60.1081099028591
2026-01-28,2,9001,60.30925755566827
2026-01-28,3,9001,57.085351050363784
2026-01-28,4,9001,49.188169243150114
2026-01-28,5,9001,50.89457635092669
2026-02-04,1,9001,51.39755871142301
2026-02-04,2,9001,47.78364015651512
2026-02-04,3,9001,55.20010167221711
2026-02-04,4,9001,61.11473341983404
2026-02-04,5,9001,42.766530416851424
2026-02-11,1,9001,58.79193945990762
2026-02-11,2,9001,53.98669172938246
2026-02-11,3,9001,51.15433076402495
2026-02-11,4,9001,58.85004405705303
2026-02-11,5,9001,58.2419257941977
2026-02-18,1,9001,55.48108689309429
2026-02-18,2,9001,50.40178323415314
2026-02-18,3,9001,51.47569111381043
2026-02-18,4,9001,46.913829688612076
2026-02-18,5,9001,64.40446954183489
2026-02-25,1,9001,54.222028195761936
2026-02-25,2,9001,51.22743125609379
2026-02-25,3,9001,44.19523777915213
2026-02-25,4,9001,52.852691598497984
2026-02-25,5,9001,52.25436047680202
2026-03-04,1,9001,47.98842058557834
2026-03-04,2,9001,66.9198591156234
2026-03-04,3,9001,59.36472175489239
2026-03-04,4,9001,47.32167056412879
2026-03-04,5,9001,60.669876256923494
2026-03-11,1,9001,60.22420080309158
2026-03-11,2,9001,57.949153443728044
2026-03-11,3,9001,56.99551867447433
2026-03-11,4,9001,55.7247459232757
2026-03-11,5,9001,58.09580608803872
2026-03-18,1,9001,49.83690446950941
2026-03-18,2,9001,51.75321930862159
2026-03-18,3,9001,49.98996370903806
2026-03-18,4,9001,54.170595200057484
2026-03-18,5,9001,55.7332814755821
2026-03-25,1,9001,58.010282620713724
2026-03-25,2,9001,57.645277627464104
2026-03-25,3,9001,62.22847920380682
2026-03-25,4,9001,57.9865464371446
2026-03-25,5,9001,61.281584606447815
2026-04-01,1,9001,60.48721021402604
2026-04-01,2,9001,52.0576979345051
2026-04-01,3,9001,58.75650640753404
2026-04-01,4,9001,57.26757170508793
2026-04-01,5,9001,55.59589117084442
2026-04-08,1,9001,50.48306145847391
2026-04-08,2,9001,57.93991228347151
2026-04-08,3,9001,55.31864374115627
2026-04-08,4,9001,53.225820725316105
2026-04-08,5,9001,59.61247872209397
2026-04-15,1,9001,59.961626842977786
2026-04-15,2,9001,59.36781950896753
2026-04-15,3,9001,41.944782694463434
2026-04-15,4,9001,50.51341583644977
2026-04-15,5,9001,59.68617659302308
2026-04-22,1,9001,51.27331832599507
2026-04-22,2,9001,57.042698148712695
2026-04-22,3,9001,55.914563363213794
2026-04-22,4,9001,60.53701145591414
2026-04-22,5,9001,51.44814164810181
2026-04-29,1,9001,54.71098815319636
2026-04-29,2,9001,56.72461708356327
2026-04-29,3,9001,61.36327223734499
2026-04-29,4,9001,54.11309582378976
2026-04-29,5,9001,56.45202998489141
2026-05-06,1,9001,48.28575896998039
2026-05-06,2,9001,58.16525014969081
2026-05-06,3,9001,56.0340985304154
2026-05-06,4,9001,58.19653671255265
2026-05-06,5,9001,52.946647175160436
2026-05-13,1,9001,63.42678310632932
2026-05-13,2,9001,54.30086947878846
2026-05-13,3,9001,55.605693744250345
2026-05-13,4,9001,54.47160411850277
2026-05-13,5,9001,59.231524456444845
2026-05-20,1,9001,51.157754880384616
2026-05-20,2,9001,56.007312026344515
2026-05-20,3,9001,57.872847992339935
2026-05-20,4,9001,48.77380056008503
2026-05-20,5,9001,56.13859404071682
2026-05-27,1,9001,52.030989688656675
2026-05-27,2,9001,62.144053928811026
2026-05-27,3,9001,58.524490344970665
2026-05-27,4,9001,46.374330452999445
2026-05-27,5,9001,59.59642390966498
2026-06-03,1,9001,56.08870463389094
2026-06-03,2,9001,52.193376190504004
2026-06-03,3,9001,53.22207186092591
2026-06-03,4,9001,48.63928916694173
2026-06-03,5,9001,56.93098425826954
2026-06-10,1,9001,46.80738430992871
2026-06-10,2,9001,54.29868611364426
2026-06-10,3,9001,57.27587803918481
2026-06-10,4,9001,55.41691680997526
2026-06-10,5,9001,59.29586661155219
2026-06-17,1,9001,55.25274052277841
2026-06-17,2,9001,66.54472052113528
2026-06-17,3,9001,50.70268412631836
2026-06-17,4,9001,62.69558084333043
2026-06-17,5,9001,46.927669113255256
2026-06-24,1,9001,49.613417708453284
2026-06-24,2,9001,50.493197264756006
2026-06-24,3,9001,47.39443819418571
2026-06-24,4,9001,62.42346922533884
2026-06-24,5,9001,60.168516600649866
2026-07-01,1,9001,61.8563324921179
2026-07-01,2,9001,51.955392792711386
2026-07-01,3,9001,55.42798546654529
2026-07-01,4,9001,60.59253745541866
2026-07-01,5,9001,60.30264894076906
2026-07-08,1,9001,57.80068386786135
2026-07-08,2,9001,55.790737704503314
2026-07-08,3,9001,49.1791338884168
2026-07-08,4,9001,56.548430980951245
2026-07-08,5,9001,54.10753092563148
2026-07-15,1,9001,51.727377139892745
2026-07-15,2,9001,62.880786320001896
2026-07-15,3,9001,51.49298131309352
2026-07-15,4,9001,56.21438194686406
2026-07-15,5,9001,57.580178782305346
2026-07-22,1,9001,60.25577381022287
2026-07-22,2,9001,56.836521981080615
2026-07-22,3,9001,64.86607657486759
2026-07-22,4,9001,57.22568373947269
2026-07-22,5,9001,52.55759915754733
2026-07-29,1,9001,55.51255767917823
2026-07-29,2,9001,58.34564622804624
2026-07-29,3,9001,44.0474559591469
2026-07-29,4,9001,54.52217974326487
2026-07-29,5,9001,55.207628542579926
2026-08-05,1,9001,53.806995630509974
2026-08-05,2,9001,55.25684268243366
2026-08-05,3,9001,45.04096819896468
2026-08-05,4,9001,56.7311814237222
2026-08-05,5,9001,55.01514671400563
2026-08-12,1,9001,52.537857496168165
2026-08-12,2,9001,40.677906387047464
2026-08-12,3,9001,52.94393631551078
2026-08-12,4,9001,55.59104269026134
2026-08-12,5,9001,54.64419616115997
2026-08-19,1,9001,51.95651285522598
2026-08-19,2,9001,56.60822644020961
2026-08-19,3,9001,50.44755233978648
2026-08-19,4,9001,58.49640523659732
2026-08-19,5,9001,59.12866187596567
2026-08-26,1,9001,59.78771705957434
2026-08-26,2,9001,58.994231351826464
2026-08-26,3,9001,53.23936394974986
2026-08-26,4,9001,54.87526585882112
2026-08-26,5,9001,61.225366858474224
2026-09-02,1,9001,58.05470979274831
2026-09-02,2,9001,56.73441516330305
2026-09-02,3,9001,61.395898554773254
2026-09-02,4,9001,51.865770790651794
2026-09-02,5,9001,55.12631635800729
2026-09-09,1,9001,61.50754501318624
2026-09-09,2,9001,53.751051527161465
2026-09-09,3,9001,55.674991723977016
2026-09-09,4,9001,54.26663384694556
2026-09-09,5,9001,61.16965297069754
2026-09-16,1,9001,55.67712991183811
2026-09-16,2,9001,55.33620146207348
2026-09-16,3,9001,51.593889457443346
2026-09-16,4,9001,52.9076852987305
2026-09-16,5,9001,47.15392895459008
2026-09-23,1,9001,57.04793270387383
2026-09-23,2,9001,59.23901596467286
2026-09-23,3,9001,48.313078452237676
2026-09-23,4,9001,57.00677364318895
2026-09-23,5,9001,56.64467948749516
2026-09-30,1,9001,55.976605000201026
2026-09-30,2,9001,55.35731305056079
2026-09-30,3,9001,63.174666304498494
2026-09-30,4,9001,56.665035387896495
2026-09-30,5,9001,62.00906311440079
